id,tier,points,bonus,white,blue,green,red,black,art
1,3,3,WHITE,0,3,3,5,3,assets/card_art1.png
2,3,4,BLUE,7,0,0,0,0,assets/card_art2.png
3,3,4,BLUE,6,3,0,0,0,assets/card_art3.png
4,3,4,BLACK,0,0,0,7,0,assets/card_art1.png
5,3,5,BLACK,0,0,0,7,3,assets/card_art2.png
6,3,4,RED,0,0,6,3,0,assets/card_art3.png
7,3,3,RED,3,5,3,0,3,assets/card_art1.png
8,3,4,WHITE,3,0,0,0,6,assets/card_art2.png
9,3,5,RED,0,0,7,3,0,assets/card_art3.png
10,3,5,BLUE,7,3,0,0,0,assets/card_art1.png
11,3,3,BLUE,3,0,3,3,5,assets/card_art2.png
12,3,3,GREEN,5,3,0,3,3,assets/card_art3.png
13,3,4,GREEN,0,6,3,0,0,assets/card_art1.png
14,3,4,BLACK,0,0,0,6,3,assets/card_art2.png
15,3,5,GREEN,0,7,3,0,0,assets/card_art3.png
16,3,3,BLACK,3,3,5,3,0,assets/card_art1.png
17,3,4,RED,0,0,7,0,0,assets/card_art2.png
18,3,5,WHITE,3,0,0,0,7,assets/card_art3.png
19,3,4,GREEN,0,7,0,0,0,assets/card_art1.png
20,3,4,WHITE,0,0,0,0,7,assets/card_art2.png
